"Product ID [Non Editable]","Variant ID [Non Editable]","Product Type [Non Editable]","Product Page","Product URL","Title","Description","SKU","Option Name 1","Option Value 1","Option Name 2","Option Value 2","Option Name 3","Option Value 3","Option Name 4","Option Value 4","Option Name 5","Option Value 5","Option Name 6","Option Value 6","Price","Sale Price","On Sale","Stock","Categories","Tags","Weight","Length","Width","Height","Visible","Hosted Image URLs"
"68e91dad83a31912dc28986d","ea57b988-ab25-4ecc-b680-9a4cbc7b1e30","PHYSICAL","new-products","alfa-romeo-4c","AutoArt ALFA ROMEO 4C GLOSS BLACK","<pre><code>Trademark: AutoArt<br>Brand: Alfa Romeo<br>Model: 4C<br>Scale: 1:18<br>Car Model Code: 70184<br>Manufacturer Code: 70184<br>Colour: Gloss Black<br>Material: Die-cast metal with plastic details<br>Year: 2013<br>EAN: Available on request</code></pre>","70184","","","","","","","","","","","","","210.00","10.00","No","Unlimited","","","0.0","0.0","0.0","0.0","Yes","https://images.squarespace-cdn.com/content/v1/68d6a6c7ad50e42eaaa2008c/1760107949807-9V46D2QFE9DE9PCBJN4H/Untitled%2Bdesign%2B%252822%2529.png"
"68e91daec8d073245478c687","9f3a7430-5efe-49d8-9175-d5f519f2a9e8","PHYSICAL","pre-order","alpina-b4-gt-grey-2024-30587","ALPINA B4 GT GREY 2024 GT Spirit 1:18 Resinemodell (Türen, Motorhaube... nicht zu öffnen!)","<pre><code>Trademark: GT Spirit
Brand: ALPINA
Model: B4
Scale: 1:18
Car Model Code: 30587
Manufacturer Code: 30587
Colour: GREY
Material: Resin model (doors and hood do not open)
Year: 2024
EAN: Available on request
Expected Release: March 2026</code></pre>","30587","","","","","","","","","","","","","104.99","10.00","No","Unlimited","","Preorder, Release: March 2026","0.0","0.0","0.0","0.0","Yes","https://images.squarespace-cdn.com/content/v1/68d6a6c7ad50e42eaaa2008c/1760107951210-1CYT4K3UNMWSK82208CA/gt541nh.jpg"
"68e91db086b63e5941e1ca32","c3606114-a7db-4681-af35-59daa2654aff","PHYSICAL","pre-order","alpina-b6-28-alpina-blue-metallic-1992-118","ALPINA B6 2.8 Alpina Blue Metallic 1992 OttO mobile 1:18 Resinemodell (Türen, Motorhaube... nicht zu öffnen!)","<pre><code>Trademark: OttO mobile
Brand: ALPINA
Model: B6 2.8 Alpina
Scale: 1:18
Car Model Code: 30729
Manufacturer Code: 30729
Colour: Alpina Blue Metallic
Material: Resin model (doors and hood do not open)
Year: 1992
EAN: Available on request
Expected Release: January 2026</code></pre>","30729","","","","","","","","","","","","","84.99","10.00","No","Unlimited","","Preorder, Release: January 2026","0.0","0.0","0.0","0.0","Yes",""
"68e91db2f8ea5503718e8c82","811cc6aa-7d56-4c5a-b7e3-5604d642c2db","PHYSICAL","new-products","aston-martin-db5","SOLIDO ASTON MARTIN DB5","<pre><code>Trademark: SOLIDO<br>Brand: Aston Martin<br>Model: DB5 Silver Birch<br>Scale: 1:18<br>Car Model Code: S1807101<br>Manufacturer Code: S1807101<br>Colour: Silver Birch<br>Material: Die-cast metal with plastic details<br>Year: 1964<br>EAN: Available on request</code></pre>","S1807101","","","","","","","","","","","","","100.00","1.00","No","Unlimited","","On Sale","0.0","0.0","0.0","0.0","Yes","https://images.squarespace-cdn.com/content/v1/68d6a6c7ad50e42eaaa2008c/1760107955163-BL52Z0X7FW3Y70342O7O/aston-martin-db5-silver-birch-1964-01.jpg"
"68e91db486b63e5941e1ca37","41bcc465-4c1a-4cd9-95be-e4f0dd1404ec","PHYSICAL","pre-order","aston-martin-valiant-auric-gold-metallic-2024-30346","ASTON MARTIN VALIANT AURIC GOLD METALLIC 2024 GT Spirit 1:18 Resinemodell (Türen, Motorhaube... nicht zu öffnen!)","<pre><code>Trademark: GT Spirit
Brand: ASTON MARTIN
Model: VALIANT AURIC GOLD
Scale: 1:18
Car Model Code: 30346
Manufacturer Code: 30346
Colour: AURIC GOLD METALLIC
Material: Resin model (doors and hood do not open)
Year: 2024
EAN: Available on request
Expected Release: March 2026</code></pre>","30346","","","","","","","","","","","","","104.99","10.00","No","Unlimited","","Preorder, Release: March 2026","0.0","0.0","0.0","0.0","Yes","https://images.squarespace-cdn.com/content/v1/68d6a6c7ad50e42eaaa2008c/1760107956575-59KIHJMNQ7Y93TN0VVGS/GT546n.jpg"
"68e91db5c8d073245478c68d","38129df8-2551-4e88-97c7-916585bea64a","PHYSICAL","pre-order","audi-a6-c6-all-road-brilliant-black-2000-118","Audi A6 C6 All Road Brilliant Black 2000 OttO mobile 1:18 Resinemodell (Türen, Motorhaube... nicht zu öffnen!)","<pre><code>Trademark: OttO mobile
Brand: Audi
Model: A6 C6 All
Scale: 1:18
Car Model Code: 30730
Manufacturer Code: 30730
Colour: Brilliant Black
Material: Resin model (doors and hood do not open)
Year: 2000
EAN: Available on request
Expected Release: January 2026</code></pre>","30730","","","","","","","","","","","","","84.99","10.00","No","Unlimited","","Preorder, Release: January 2026","0.0","0.0","0.0","0.0","Yes",""
"68e91db683a31912dc28987d","35b24cc1-044d-4a3e-a6eb-953eb71a9993","PHYSICAL","pre-order","audi-rs-6-gt-grey-2024-30336","AUDI RS 6 GT GREY 2024 GT Spirit 1:18 Resinemodell (Türen, Motorhaube... nicht zu öffnen!)","<pre><code>Trademark: GT Spirit
Brand: AUDI
Model: RS 6
Scale: 1:18
Car Model Code: 30336
Manufacturer Code: 30336
Colour: GREY
Material: Resin model (doors and hood do not open)
Year: 2024
EAN: Available on request
Expected Release: March 2026</code></pre>","30336","","","","","","","","","","","","","104.99","10.00","No","Unlimited","","Preorder, Release: March 2026","0.0","0.0","0.0","0.0","Yes","https://images.squarespace-cdn.com/content/v1/68d6a6c7ad50e42eaaa2008c/1760107958993-WWD32CJ8X4Q8L4GF08J3/gt965n.jpg"
"68e91db7c8d073245478c690","5b350cca-8a29-477c-b29b-2f04967a2b54","PHYSICAL","pre-order","audi-sport-quattro-1985-tornado-red-118-30248","Audi Sport quattro 1985 Tornado Red  Norev 1:18 Metallmodell (Türen/Hauben nicht zu öffnen!)","<pre><code>Trademark: Norev
Brand: Audi
Model: Sport quattro
Scale: 1:18
Car Model Code: 30248
Manufacturer Code: 30248
Colour: Red
Material: Die-cast metal with plastic details
Year: 1985
EAN: Available on request
Expected Release: February 2026</code></pre>","30248","","","","","","","","","","","","","67.99","10.00","No","Unlimited","","Preorder, Release: February 2026","0.0","0.0","0.0","0.0","Yes","https://images.squarespace-cdn.com/content/v1/68d6a6c7ad50e42eaaa2008c/1760107960182-G8WW3RS1NUYBQQYPQM2L/188319.jpg"
"68e91db8f8ea5503718e8c8a","ae45ae6c-7931-4ffa-b85c-805126e7828e","PHYSICAL","pre-order","bmw-325i-convertible-bright-red-308-1986-118","BMW 325i Convertible Bright Red 308 1986 OttO mobile 1:18 Resinemodell (Türen, Motorhaube... nicht zu öffnen!)","<pre><code>Trademark: OttO mobile
Brand: BMW
Model: 325i Convertible Bright
Scale: 1:18
Car Model Code: 30725
Manufacturer Code: 30725
Colour: Bright Red
Material: Resin model (doors and hood do not open)
Year: 1986
EAN: Available on request
Expected Release: January 2026</code></pre>","30725","","","","","","","","","","","","","84.99","10.00","No","Unlimited","","Preorder, Release: January 2026","0.0","0.0","0.0","0.0","Yes",""
"68e91dbac8d073245478c692","af59328d-87b2-459c-9201-9c26206254a0","PHYSICAL","pre-order","bmw-507-1956-japanese-red-112-28902","BMW 507 1956 Japanese Red   Norev 1:12 Metallmodell (Türen/Hauben nicht zu öffnen!)","<pre><code>Trademark: Norev
Brand: BMW
Model: 507
Scale: 1:18
Car Model Code: 28902
Manufacturer Code: 28902
Colour: Red
Material: Die-cast metal with plastic details
Year: 1956
EAN: Available on request
Expected Release: February 2026</code></pre>","28902","","","","","","","","","","","","","67.99","10.00","No","Unlimited","","Preorder, Release: February 2026","0.0","0.0","0.0","0.0","Yes","https://images.squarespace-cdn.com/content/v1/68d6a6c7ad50e42eaaa2008c/1760107962506-ZJCD3KB6WP091BCT9OTA/123200nh.jpg"
"68e91dbb86b63e5941e1ca41","ae8aeaeb-7553-482b-bb87-63c84a633262","PHYSICAL","pre-order","bmw-m2-cs-blue-2025-30597","BMW M2 CS BLUE 2025 GT Spirit 1:18 Resinemodell (Türen, Motorhaube... nicht zu öffnen!)","<pre><code>Trademark: GT Spirit
Brand: BMW
Model: M2 CS BLUE
Scale: 1:18
Car Model Code: 30597
Manufacturer Code: 30597
Colour: BLUE
Material: Resin model (doors and hood do not open)
Year: 2025
EAN: Available on request
Expected Release: March 2026</code></pre>","30597","","","","","","","","","","","","","104.99","10.00","No","Unlimited","","Preorder, Release: March 2026","0.0","0.0","0.0","0.0","Yes","https://images.squarespace-cdn.com/content/v1/68d6a6c7ad50e42eaaa2008c/1760107963644-HG1ELO2D14832CI9RU8H/gt552n.jpg"
"68e91dbcc8d073245478c697","17a54202-f067-425d-9c7b-ecaabe0873b4","PHYSICAL","new-products","bmw-x4-xdrive","PARAGON MODELS BMW X4 XDRIVE 3.5d F83 2014","<pre><code>Trademark: PARAGON MODELS<br>Brand: BMW<br>Model: X4 xDrive35d F26<br>Scale: 1:18<br>Car Model Code: 80432352457<br>Manufacturer Code: 80432352457<br>Colour: Mineral Grey Metallic<br>Material: Die-cast metal with plastic details<br>Year: 2014<br>EAN: Available on request</code></pre>","80432352457","","","","","","","","","","","","","123.00","8.00","No","Unlimited","","","0.0","0.0","0.0","0.0","Yes","https://images.squarespace-cdn.com/content/v1/68d6a6c7ad50e42eaaa2008c/1760107965176-PDF2YKA4NJ2IRS3KBU50/Untitled%2Bdesign%2B%252818%2529.png"
"68e91dbe83a31912dc289885","3afeb227-db95-41c0-9af9-14e5367ae094","PHYSICAL","pre-order","bmw-x5-m-competition-blue-2023-30343","BMW X5 M COMPETITION BLUE 2023 GT Spirit 1:18 Resinemodell (Türen, Motorhaube... nicht zu öffnen!)","<pre><code>Trademark: GT Spirit
Brand: BMW
Model: X5 M COMPETITION
Scale: 1:18
Car Model Code: 30343
Manufacturer Code: 30343
Colour: BLUE
Material: Resin model (doors and hood do not open)
Year: 2023
EAN: Available on request
Expected Release: March 2026</code></pre>","30343","","","","","","","","","","","","","104.99","10.00","No","Unlimited","","Preorder, Release: March 2026","0.0","0.0","0.0","0.0","Yes","https://images.squarespace-cdn.com/content/v1/68d6a6c7ad50e42eaaa2008c/1760107966425-0JH4GITYFC83YNBY610H/GT967n.jpg"
"68e91dbf86b63e5941e1ca46","8148b22b-352f-4cd8-9070-9ff3b2777d91","PHYSICAL","pre-order","brabus-900-peetch-pink-2024-30600","BRABUS 900 PEETCH PINK 2024 GT Spirit 1:18 Resinemodell (Türen, Motorhaube... nicht zu öffnen!)","<pre><code>Trademark: GT Spirit
Brand: BRABUS
Model: 900 PEETCH PINK
Scale: 1:18
Car Model Code: 30600
Manufacturer Code: 30600
Colour: PINK
Material: Resin model (doors and hood do not open)
Year: 2024
EAN: Available on request
Expected Release: March 2026</code></pre>","30600","","","","","","","","","","","","","104.99","10.00","No","Unlimited","","Preorder, Release: March 2026","0.0","0.0","0.0","0.0","Yes","https://images.squarespace-cdn.com/content/v1/68d6a6c7ad50e42eaaa2008c/1760107967596-1617G8SZ1MDO69HD43BG/gt564n.jpg"
"68e91dc083a31912dc289886","7ada8a75-2485-4012-938a-07279b45ae03","PHYSICAL","pre-order","brabus-rocket-gts-black-2024-30591","BRABUS ROCKET GTS BLACK 2024 GT Spirit 1:18 Resinemodell (Türen, Motorhaube... nicht zu öffnen!)","<pre><code>Trademark: GT Spirit
Brand: BRABUS
Model: ROCKET GTS BLACK
Scale: 1:18
Car Model Code: 30591
Manufacturer Code: 30591
Colour: BLACK
Material: Resin model (doors and hood do not open)
Year: 2024
EAN: Available on request
Expected Release: March 2026</code></pre>","30591","","","","","","","","","","","","","104.99","10.00","No","Unlimited","","Preorder, Release: March 2026","0.0","0.0","0.0","0.0","Yes","https://images.squarespace-cdn.com/content/v1/68d6a6c7ad50e42eaaa2008c/1760107969086-W2A5QWPCVB5N0XT7TL9H/gt544nh.jpg"
"68e91dc1c8d073245478c69f","a8dea078-cef6-406a-a1f5-b31257c70194","PHYSICAL","pre-order","chevrolet-corvette-c4-gran-sport-blue-1996-30344","CHEVROLET CORVETTE C4 GRAN SPORT BLUE 1996 GT Spirit 1:18 Resinemodell (Türen, Motorhaube... nicht zu öffnen!)","<pre><code>Trademark: GT Spirit
Brand: CHEVROLET
Model: CORVETTE C4 GRAN
Scale: 1:18
Car Model Code: 30344
Manufacturer Code: 30344
Colour: BLUE
Material: Resin model (doors and hood do not open)
Year: 1996
EAN: Available on request
Expected Release: March 2026</code></pre>","30344","","","","","","","","","","","","","104.99","10.00","No","Unlimited","","Preorder, Release: March 2026","0.0","0.0","0.0","0.0","Yes","https://images.squarespace-cdn.com/content/v1/68d6a6c7ad50e42eaaa2008c/1760107970498-16QOXYLUJFX1O5ONTTN4/GT538n.jpg"
"68e91dc386b63e5941e1ca49","64fbddd3-7cc1-4a16-a1c0-0046eabe3278","PHYSICAL","pre-order","chevrolet-corvette-c8-zr1-yellow-2025-30588","CHEVROLET CORVETTE C8 ZR1 YELLOW 2025 GT Spirit 1:18 Resinemodell (Türen, Motorhaube... nicht zu öffnen!)","<pre><code>Trademark: GT Spirit
Brand: CHEVROLET
Model: CORVETTE C8 ZR1
Scale: 1:18
Car Model Code: 30588
Manufacturer Code: 30588
Colour: YELLOW
Material: Resin model (doors and hood do not open)
Year: 2025
EAN: Available on request
Expected Release: March 2026</code></pre>","30588","","","","","","","","","","","","","104.99","10.00","No","Unlimited","","Preorder, Release: March 2026","0.0","0.0","0.0","0.0","Yes","https://images.squarespace-cdn.com/content/v1/68d6a6c7ad50e42eaaa2008c/1760107971616-FAIQSD0DJ0WFKYMM8B68/gt528nh.jpg"
"68e91dc4c8d073245478c6a0","b8c5622a-5440-4172-b7c1-d756dafdee18","PHYSICAL","pre-order","chevrolet-corvette-coupe-1969-le-mans-blue-118-29929","Chevrolet Corvette Coupe 1969 Le Mans Blue  Norev 1:18 Metallmodell (Überarbeitete Version - Türen/Hauben nicht zu öffnen!)","<pre><code>Trademark: Norev
Brand: Chevrolet
Model: Corvette Coupe
Scale: 1:18
Car Model Code: 29929
Manufacturer Code: 29929
Colour: Blue
Material: Die-cast metal with plastic details
Year: 1969
EAN: Available on request
Expected Release: February 2026</code></pre>","29929","","","","","","","","","","","","","67.99","10.00","No","Unlimited","","Preorder, Release: February 2026","0.0","0.0","0.0","0.0","Yes","https://images.squarespace-cdn.com/content/v1/68d6a6c7ad50e42eaaa2008c/1760107972843-LZ87LACZV07GT69YPO6H/189034nh.jpg"
"68e91dc5c8d073245478c6a3","dabed9a2-b767-4e30-82b1-b8a6d3f47285","PHYSICAL","pre-order","chevrolet-corvette-sting-ray-1963-sebring-silver-118-118-29375","Chevrolet Corvette Sting Ray 1963 Sebring Silver 1:18 Norev 1:18 Metallmodell (Türen/Hauben nicht zu öffnen!)","<pre><code>Trademark: Norev
Brand: Chevrolet
Model: Corvette Sting Ray
Scale: 1:18
Car Model Code: 29375
Manufacturer Code: 29375
Colour: Silver
Material: Die-cast metal with plastic details
Year: 1963
EAN: Available on request
Expected Release: February 2026</code></pre>","29375","","","","","","","","","","","","","67.99","10.00","No","Unlimited","","Preorder, Release: February 2026","0.0","0.0","0.0","0.0","Yes","https://images.squarespace-cdn.com/content/v1/68d6a6c7ad50e42eaaa2008c/1760107973958-R01Z7IBXLYTH2MKR7SDD/189052n.jpg"
"68e91dc686b63e5941e1ca4c","e65c6aa6-aa13-40d7-a144-c92d6d24cf4f","PHYSICAL","pre-order","citroen-2cv-charleston-1982-delage-red-black-reprod-2025-118-28877","Citroën 2CV Charleston 1982 Delage Red & Black (Reprod 2025) Norev 1:18 Metallmodell 2 Türen, Motorhaube und Kofferraum zu öffnen!","<pre><code>Trademark: Norev
Brand: Citroën
Model: 2CV Charleston
Scale: 1:18
Car Model Code: 28877
Manufacturer Code: 28877
Colour: Black
Material: Die-cast metal with plastic details
Year: 1982
EAN: Available on request
Expected Release: February 2026</code></pre>","28877","","","","","","","","","","","","","67.99","10.00","No","Unlimited","","Preorder, Release: February 2026","0.0","0.0","0.0","0.0","Yes","https://images.squarespace-cdn.com/content/v1/68d6a6c7ad50e42eaaa2008c/1760107975212-2D9UU148Z1O7DMMP0DEY/181510nh.jpg"
"68e91dc883a31912dc289892","5fdeeaa4-a588-4290-9298-8e08ff856088","PHYSICAL","pre-order","citroen-ds-23-pallas-1974-vanneau-beige-118-30249","Citroën DS 23 Pallas 1974 Vanneau Beige  Norev 1:18 Metallmodell 2 Türen und Motorhaube zu öffnen!","<pre><code>Trademark: Norev
Brand: Citroën
Model: DS 23 Pallas
Scale: 1:18
Car Model Code: 30249
Manufacturer Code: 30249
Colour: 
Material: Die-cast metal with plastic details
Year: 1974
EAN: Available on request
Expected Release: February 2026</code></pre>","30249","","","","","","","","","","","","","67.99","10.00","No","Unlimited","","Preorder, Release: February 2026","0.0","0.0","0.0","0.0","Yes","https://images.squarespace-cdn.com/content/v1/68d6a6c7ad50e42eaaa2008c/1760107976677-ZPSRZM3L5K0C16YF4L7U/181727n.jpg"
"68e91dc986b63e5941e1ca4e","fc46dbf3-96fa-4d28-bece-91d4adfbcd38","PHYSICAL","pre-order","citroen-sm-1972-pearl-grey-metallic-112-30567","Citroën SM 1972 Pearl Grey metallic  Norev 1:12  Metallmodell (Türen/Hauben nicht zu öffnen!)","<pre><code>Trademark: Norev
Brand: Citroën
Model: SM
Scale: 1:18
Car Model Code: 30567
Manufacturer Code: 30567
Colour: Grey
Material: Die-cast metal with plastic details
Year: 1972
EAN: Available on request
Expected Release: February 2026</code></pre>","30567","","","","","","","","","","","","","67.99","10.00","No","Unlimited","","Preorder, Release: February 2026","0.0","0.0","0.0","0.0","Yes","https://images.squarespace-cdn.com/content/v1/68d6a6c7ad50e42eaaa2008c/1760107978306-3ZZNVVIX6X5V0H59C1UW/121707nh.jpg"
"68e91dcbc8d073245478c6a5","044cd78c-ea89-41f0-b224-ba0ab522f909","PHYSICAL","pre-order","ferrari-308-gts-1982-red-118-24507","Ferrari 308 GTS 1982 - Red Norev 1:18 Metallmodell (Überarbeitete Version - Türen/Hauben nicht zu öffnen!)","<pre><code>Trademark: Norev
Brand: Ferrari
Model: 308 GTS
Scale: 1:18
Car Model Code: 24507
Manufacturer Code: 24507
Colour: Red
Material: Die-cast metal with plastic details
Year: 1982
EAN: Available on request
Expected Release: February 2026</code></pre>","24507","","","","","","","","","","","","","67.99","10.00","No","Unlimited","","Preorder, Release: February 2026","0.0","0.0","0.0","0.0","Yes","https://images.squarespace-cdn.com/content/v1/68d6a6c7ad50e42eaaa2008c/1760107979922-6NMP7I6RE5EJPOT2GWOI/187930nhf.jpg"
"68e91dccf8ea5503718e8c9e","501e31c9-9b59-43c8-be11-9e5e90b5f535","PHYSICAL","pre-order","ferrari-308-gts-1982-silver-118-26451","Ferrari 308 GTS 1982 Silver Norev 1:18 Metallmodell (Türen/Hauben nicht zu öffnen!)","<pre><code>Trademark: Norev
Brand: Ferrari
Model: 308 GTS
Scale: 1:18
Car Model Code: 26451
Manufacturer Code: 26451
Colour: Silver
Material: Die-cast metal with plastic details
Year: 1982
EAN: Available on request
Expected Release: February 2026</code></pre>","26451","","","","","","","","","","","","","67.99","10.00","No","Unlimited","","Preorder, Release: February 2026","0.0","0.0","0.0","0.0","Yes","https://images.squarespace-cdn.com/content/v1/68d6a6c7ad50e42eaaa2008c/1760107981153-5O7BTE6RO6EB4OCZ0LE3/187934nh.jpg"
"68e91dcd83a31912dc289898","06ae48d9-8857-4d61-b620-ca8a28602881","PHYSICAL","pre-order","ford-fiesta-xr2-1981-blue-metallic-118-118-29568","Ford Fiesta XR2 1981 Blue metallic 1:18 Norev 1:18 Metallmodell (Türen/Hauben nicht zu öffnen!)","<pre><code>Trademark: Norev
Brand: Ford
Model: Fiesta XR2
Scale: 1:18
Car Model Code: 29568
Manufacturer Code: 29568
Colour: Blue
Material: Die-cast metal with plastic details
Year: 1981
EAN: Available on request
Expected Release: February 2026</code></pre>","29568","","","","","","","","","","","","","67.99","10.00","No","Unlimited","","Preorder, Release: February 2026","0.0","0.0","0.0","0.0","Yes","https://images.squarespace-cdn.com/content/v1/68d6a6c7ad50e42eaaa2008c/1760107982374-GN8XCCC39R84UBKVMF5F/182744n.jpg"
"68e91dcfc8d073245478c6a9","1084452c-1322-4bd8-9bdc-18a834742b94","PHYSICAL","new-products","ixo-toyota-calica-gt-four","IXO TOYOTA CALICA GT-FOUR","<pre><code>Trademark: IXO<br>Brand: Toyota<br>Model: Celica GT-Four<br>Scale: 1:18<br>Car Model Code: SQ7797425<br>Manufacturer Code: SQ7797425<br>Colour: White with Racing Decals<br>Material: Die-cast metal with plastic details<br>Year: 1990<br>EAN: Available on request</code></pre>","SQ7797425","","","","","","","","","","","","","200.00","0.00","No","Unlimited","","New","0.0","0.0","0.0","0.0","Yes","https://images.squarespace-cdn.com/content/v1/68d6a6c7ad50e42eaaa2008c/1760107983791-V6WQQ8RLKMW3MQVTTGHZ/51VIOlap1eL.jpg"
"68e91dd086b63e5941e1ca56","4533ef58-5a72-45ae-ba0a-716708cef8ff","PHYSICAL","pre-order","jaguar-xj-s-53-he-coupe-1986-sage-green-metallic-118-30253","Jaguar XJ-S 5.3 H.E. Coupe 1986 Sage Green metallic  Norev 1:18 Metallmodell (Türen/Hauben nicht zu öffnen!)","<pre><code>Trademark: Norev
Brand: Jaguar
Model: XJ-S 5.3 H.E.
Scale: 1:18
Car Model Code: 30253
Manufacturer Code: 30253
Colour: Green
Material: Die-cast metal with plastic details
Year: 1986
EAN: Available on request
Expected Release: February 2026</code></pre>","30253","","","","","","","","","","","","","67.99","10.00","No","Unlimited","","Preorder, Release: February 2026","0.0","0.0","0.0","0.0","Yes","https://images.squarespace-cdn.com/content/v1/68d6a6c7ad50e42eaaa2008c/1760107985029-6WH6CH424HCNZVZCEHT9/182623n.jpg"
"68e91dd1f8ea5503718e8ca8","6284cc3f-d32d-4cb6-96da-f3ead6e3fe56","PHYSICAL","new-products","lamborghini-countach-lp400","KYOSHO Lamborghini Countach LP400 Red 1974","<pre><code>Trademark: KYOSHO<br>Brand: Lamborghini<br>Model: Countach LP400<br>Scale: 1:18<br>Car Model Code: 09531R<br>Manufacturer Code: 09531R<br>Colour: Red<br>Material: Die-cast metal with plastic details<br>Year: 1974<br>EAN: Available on request</code></pre>","09531R","","","","","","","","","","","","","323.00","7.00","No","Unlimited","","","0.0","0.0","0.0","0.0","Yes","https://images.squarespace-cdn.com/content/v1/68d6a6c7ad50e42eaaa2008c/1760107986378-G99ECY8DIPS0GIPKO964/Untitled%2Bdesign%2B%252817%2529.png"
"68e91dd3c8d073245478c6ad","3bff882d-96f5-430c-805d-57b099fe42f2","PHYSICAL","pre-order","land-rover-defender-110-p400x-white-2021-30594","LAND ROVER DEFENDER 110 P400X WHITE 2021 GT Spirit 1:12 Resinemodell (Türen, Motorhaube... nicht zu öffnen!)","<pre><code>Trademark: GT Spirit
Brand: LAND ROVER
Model: DEFENDER 110 P400X
Scale: 1:18
Car Model Code: 30594
Manufacturer Code: 30594
Colour: WHITE
Material: Resin model (doors and hood do not open)
Year: 2021
EAN: Available on request
Expected Release: March 2026</code></pre>","30594","","","","","","","","","","","","","104.99","10.00","No","Unlimited","","Preorder, Release: March 2026","0.0","0.0","0.0","0.0","Yes","https://images.squarespace-cdn.com/content/v1/68d6a6c7ad50e42eaaa2008c/1760107987750-STR6L4DG1DH759DZ33EF/gt554nh.jpg"
"68e91dd486b63e5941e1ca5a","7171cb5f-ca1f-454d-8e88-ced7abd7dc22","PHYSICAL","pre-order","land-rover-defender-3-station-wagon-green-2016-30340","LAND ROVER DEFENDER 3 STATION WAGON GREEN 2016 GT Spirit 1:18 Resinemodell (Türen, Motorhaube... nicht zu öffnen!)","<pre><code>Trademark: GT Spirit
Brand: LAND ROVER
Model: DEFENDER 3 STATION
Scale: 1:18
Car Model Code: 30340
Manufacturer Code: 30340
Colour: GREEN
Material: Resin model (doors and hood do not open)
Year: 2016
EAN: Available on request
Expected Release: March 2026</code></pre>","30340","","","","","","","","","","","","","104.99","10.00","No","Unlimited","","Preorder, Release: March 2026","0.0","0.0","0.0","0.0","Yes","https://images.squarespace-cdn.com/content/v1/68d6a6c7ad50e42eaaa2008c/1760107988889-HAX2COU1FBD9VJGL7NPZ/gt527n.jpg"
"68e91dd5c8d073245478c6af","c9a42dc8-5b93-466e-913e-1492307432db","PHYSICAL","pre-order","land-rover-sport-p510e-white-2023-30342","LAND ROVER SPORT P510E WHITE 2023 GT Spirit 1:12 Resinemodell (Türen, Motorhaube... nicht zu öffnen!)","<pre><code>Trademark: GT Spirit
Brand: LAND ROVER
Model: SPORT P510E WHITE
Scale: 1:18
Car Model Code: 30342
Manufacturer Code: 30342
Colour: WHITE
Material: Resin model (doors and hood do not open)
Year: 2023
EAN: Available on request
Expected Release: March 2026</code></pre>","30342","","","","","","","","","","","","","104.99","10.00","No","Unlimited","","Preorder, Release: March 2026","0.0","0.0","0.0","0.0","Yes","https://images.squarespace-cdn.com/content/v1/68d6a6c7ad50e42eaaa2008c/1760107990039-4TAWZ4DLORT0A567U1O3/GT553n.jpg"
"68e91dd683a31912dc2898a2","2773988c-5157-4ef5-96f2-0656dd5be5ca","PHYSICAL","pre-order","lb-works-porsche-turbo-white-30598","LB-WORKS PORSCHE TURBO WHITE GT Spirit 1:18 Resinemodell (Türen, Motorhaube... nicht zu öffnen!)","<pre><code>Trademark: GT Spirit
Brand: LB-WORKS
Model: PORSCHE TURBO WHITE
Scale: 1:18
Car Model Code: 30598
Manufacturer Code: 30598
Colour: WHITE
Material: Resin model (doors and hood do not open)
Year: 
EAN: Available on request
Expected Release: March 2026</code></pre>","30598","","","","","","","","","","","","","104.99","10.00","No","Unlimited","","Preorder, Release: March 2026","0.0","0.0","0.0","0.0","Yes","https://images.squarespace-cdn.com/content/v1/68d6a6c7ad50e42eaaa2008c/1760107991340-CT2PJ7ALXU2IXOAD3JM4/gt958n.jpg"
"68e91dd8c8d073245478c6b1","6d1b8204-b07b-4680-a089-97fee8157227","PHYSICAL","new-products","man-tgx-xxl","Premium Classixxs MAN TGX XXL Blue Metallic","<pre><code>Trademark: Premium ClassiXXs<br>Brand: MAN<br>Model: TGX XXL Truck<br>Scale: 1:18<br>Car Model Code: PCL30200<br>Manufacturer Code: PCL30200<br>Colour: Blue Metallic<br>Material: Die-cast metal with plastic details<br>Year: 2012<br>EAN: Available on request</code></pre>","PCL30200","","","","","","","","","","","","","101.00","16.00","No","Unlimited","","Rare, New","0.0","0.0","0.0","0.0","Yes","https://images.squarespace-cdn.com/content/v1/68d6a6c7ad50e42eaaa2008c/1760107992641-DMXFBI7VK7E6PL7CSTBL/Untitled%2Bdesign%2B%252815%2529.png"
"68e91dd9c8d073245478c6b4","e0159a95-d929-4b6f-8f95-c93b19f2f719","PHYSICAL","pre-order","mclaren-f1-red-1992-30339","MCLAREN F1 RED 1992 GT Spirit 1:18 Resinemodell (Türen, Motorhaube... nicht zu öffnen!)","<pre><code>Trademark: GT Spirit
Brand: MCLAREN
Model: F1 RED
Scale: 1:18
Car Model Code: 30339
Manufacturer Code: 30339
Colour: RED
Material: Resin model (doors and hood do not open)
Year: 1992
EAN: Available on request
Expected Release: March 2026</code></pre>","30339","","","","","","","","","","","","","104.99","10.00","No","Unlimited","","Preorder, Release: March 2026","0.0","0.0","0.0","0.0","Yes","https://images.squarespace-cdn.com/content/v1/68d6a6c7ad50e42eaaa2008c/1760107993937-VNRSWQ5HF1TEDW6XLB07/gt534n.jpg"
"68e91ddac8d073245478c6b6","161221c9-e966-47ac-a7a5-e942b2abeca0","PHYSICAL","new-products","mercedes-500-sl","KK Scale MERCEDES BENZ 500 SL R129 Dark Blue","<pre><code>Trademark: KK Scale<br>Brand: Mercedes-Benz<br>Model: 500 SL R129<br>Scale: 1:18<br>Car Model Code: KKDC180373<br>Manufacturer Code: KKDC180373<br>Colour: Dark Blue Metallic<br>Material: Die-cast metal with plastic details<br>Year: 1989<br>EAN: Available on request</code></pre>","KKDC180373","","","","","","","","","","","","","118.00","9.00","No","Unlimited","","","0.0","0.0","0.0","0.0","Yes","https://images.squarespace-cdn.com/content/v1/68d6a6c7ad50e42eaaa2008c/1760107995494-R5XPSI528QLNXARTM4SC/Untitled%2Bdesign%2B%252823%2529.png"
"68e91ddcc8d073245478c6b7","f33af1b3-846d-493c-b6d6-b432e27d3bc6","PHYSICAL","new-products","mercedes-600-pullman","MCG Mercedes 600 W100 Pullman Dark Blue 1969","<pre><code>Trademark: MCG<br>Brand: Mercedes-Benz<br>Model: 600 W100 Pullman<br>Scale: 1:18<br>Car Model Code: MCG18189<br>Manufacturer Code: MCG18189<br>Colour: Dark Blue<br>Material: Die-cast metal with plastic details<br>Year: 1969<br>EAN: Available on request</code></pre>","MCG18189","","","","","","","","","","","","","222.00","20.00","No","Unlimited","","","0.0","0.0","0.0","0.0","Yes","https://images.squarespace-cdn.com/content/v1/68d6a6c7ad50e42eaaa2008c/1760107996807-XH7YNS3OOHT6XJX66KQY/Untitled%2Bdesign%2B%252816%2529.png"
"68e91ddd86b63e5941e1ca65","3572e808-1b41-4a3c-9bb3-51004dab6748","PHYSICAL","pre-order","mercedes-benz-230-e-1990-night-green-metallic-118-118-4-und-kofferraum-zu-oeffne-29571","Mercedes-Benz 230 E 1990 Night Green metallic 1:18 Norev 1:18 Metallmodell 4 Türen, Motorhaube und Kofferraum zu öffnen!","<pre><code>Trademark: Norev
Brand: 
Model: 
Scale: 1:18
Car Model Code: 29571
Manufacturer Code: 29571
Colour: Green
Material: Die-cast metal with plastic details
Year: 1990
EAN: Available on request
Expected Release: February 2026</code></pre>","29571","","","","","","","","","","","","","67.99","10.00","No","Unlimited","","Preorder, Release: February 2026","0.0","0.0","0.0","0.0","Yes","https://images.squarespace-cdn.com/content/v1/68d6a6c7ad50e42eaaa2008c/1760107998160-SLOYDV2JWDCJBV21U1YG/183952n.jpg"
"68e91dde86b63e5941e1ca66","fa45c328-1d56-4a58-aea7-9a6b0e7e720d","PHYSICAL","pre-order","mercedes-benz-350-sel-1979-hansa-blue-118-30573","Mercedes-Benz 350 SEL 1979 Hansa Blue  Norev 1:18 Metallmodell (4 Türen, Motorhaube und Heckklappe zu öffnen!)","<pre><code>Trademark: Norev
Brand: 
Model: 
Scale: 1:18
Car Model Code: 30573
Manufacturer Code: 30573
Colour: Blue
Material: Die-cast metal with plastic details
Year: 1979
EAN: Available on request
Expected Release: February 2026</code></pre>","30573","","","","","","","","","","","","","67.99","10.00","No","Unlimited","","Preorder, Release: February 2026","0.0","0.0","0.0","0.0","Yes","https://images.squarespace-cdn.com/content/v1/68d6a6c7ad50e42eaaa2008c/1760107999320-450JGKWU42ZUBT6XHAP3/183976n.jpg"
"68e91de0c8d073245478c6bc","5ba5e34f-9255-4689-8d52-8549541e66d7","PHYSICAL","new-products","mercedes-benz-450-sel","NOREV MERCEDES-BENZ 450 SEL 6.9 1976 SILVER","<pre><code>Trademark: NOREV<br>Brand: Mercedes-Benz<br>Model: 450 SEL 6.9 W116<br>Scale: 1:18<br>Car Model Code: 183785<br>Manufacturer Code: 183785<br>Colour: Silver<br>Material: Die-cast metal with plastic details<br>Year: 1976<br>EAN: 3551091837855</code></pre>","183785","","","","","","","","","","","","","310.00","3.00","No","Unlimited","","","0.0","0.0","0.0","0.0","Yes","https://images.squarespace-cdn.com/content/v1/68d6a6c7ad50e42eaaa2008c/1760108000880-MF2JE25XC25YLJKEU2EO/1976-Mercedes-Benz-450-SEL-6-9-W116-silver-1-18-Norev-diecast-scale-model-car-7_grande.webp"
"68e91de183a31912dc2898ac","a5ab8ae2-b1ed-4dac-b6bf-52a6ff5e8cf2","PHYSICAL","pre-order","mercedes-benz-cls-coupe-2011-brillant-white-metallic-118-28926","MERCEDES-BENZ CLS COUPE 2011 BRILLANT WHITE METALLIC Norev 1:18 Metallmodell 4Türen und 2 Hauben  zu öffnen!","<pre><code>Trademark: Norev
Brand: 
Model: 
Scale: 1:18
Car Model Code: 28926
Manufacturer Code: 28926
Colour: WHITE
Material: Die-cast metal with plastic details
Year: 2011
EAN: Available on request
Expected Release: February 2026</code></pre>","28926","","","","","","","","","","","","","67.99","10.00","No","Unlimited","","Preorder, Release: February 2026","0.0","0.0","0.0","0.0","Yes","https://images.squarespace-cdn.com/content/v1/68d6a6c7ad50e42eaaa2008c/1760108002538-92BQPECTKHT0UTHNC6V9/183943nh.jpg"
"68e91de383a31912dc2898af","fa80e9e6-2956-4562-a25d-f8f3a5bae0be","PHYSICAL","pre-order","mercedes-benz-s600-1997-obsidian-black-metallic-118-30256","Mercedes-Benz S600 1997 Obsidian Black metallic  Norev 1:18 Metallmodell 4 Türen, Motorhaube und Kofferraum zu öffnen!","<pre><code>Trademark: Norev
Brand: 
Model: 
Scale: 1:18
Car Model Code: 30256
Manufacturer Code: 30256
Colour: Black
Material: Die-cast metal with plastic details
Year: 1997
EAN: Available on request
Expected Release: February 2026</code></pre>","30256","","","","","","","","","","","","","67.99","10.00","No","Unlimited","","Preorder, Release: February 2026","0.0","0.0","0.0","0.0","Yes","https://images.squarespace-cdn.com/content/v1/68d6a6c7ad50e42eaaa2008c/1760108003736-G82F9YRDHOYSR6PH92VF/183045n.jpg"
"68e91de486b63e5941e1ca69","252193e3-d6de-40fa-bdfe-2e83dd1d133b","PHYSICAL","new-products","mercedes-brabus-g800","Almost Real Mercedes Benz Brabus G800 Adventure XLP 2020","<pre><code>Trademark: Almost Real<br>Brand: Mercedes-Benz<br>Model: Brabus G800 Adventure XLP<br>Scale: 1:18<br>Car Model Code: 860525<br>Manufacturer Code: 860525<br>Colour: Polar White<br>Material: Die-cast metal with plastic details<br>Year: 2020<br>EAN: Available on request</code></pre>","860525","","","","","","","","","","","","","111.00","15.00","No","Unlimited","","","0.0","0.0","0.0","0.0","Yes","https://images.squarespace-cdn.com/content/v1/68d6a6c7ad50e42eaaa2008c/1760108005052-2BFXDXUFR3SJG671SCMP/Untitled%2Bdesign%2B%252821%2529.png"
"68e91de5f8ea5503718e8cb5","5a2c2ae0-b223-4088-8796-6ffefca59d9a","PHYSICAL","new-products","mercedes-c36-amg","Ottomobile Mercedes Benz C36 AMG W202","<pre><code>Trademark: Ottomobile<br>Brand: Mercedes-Benz<br>Model: C36 AMG W202<br>Scale: 1:18<br>Car Model Code: OT443<br>Manufacturer Code: OT443<br>Colour: Black Metallic<br>Material: Resin with metal details<br>Year: 1995<br>EAN: Available on request</code></pre>","OT443","","","","","","","","","","","","","111.00","14.00","No","Unlimited","","New","0.0","0.0","0.0","0.0","Yes","https://images.squarespace-cdn.com/content/v1/68d6a6c7ad50e42eaaa2008c/1760108006756-4202Z02CXRUJT51U2OWP/Untitled%2Bdesign%2B%252824%2529.png"
"68e91de7f8ea5503718e8cb9","a1d905b5-e71c-43c6-8cb0-f5cd736c56ee","PHYSICAL","new-products","mercedes-s600","Norev Mercedes Benz S600 1998 Silver","<pre><code>Trademark: NOREV<br>Brand: Mercedes-Benz<br>Model: S600 W140<br>Scale: 1:18<br>Car Model Code: 183810<br>Manufacturer Code: 183810<br>Colour: Silver Metallic<br>Material: Die-cast metal with plastic details<br>Year: 1998<br>EAN: Available on request</code></pre>","183810","","","","","","","","","","","","","123.00","21.00","No","Unlimited","","","0.0","0.0","0.0","0.0","Yes","https://images.squarespace-cdn.com/content/v1/68d6a6c7ad50e42eaaa2008c/1760108008130-DD9KVOO5E2QNW0W3AKXE/Generated%252BImage%252BSeptember%252B27%25252C%252B2025%252B-%252B11_11AM%252B%2525281%252529.png"
"68e91deac8d073245478c6c9","dbf7dca6-6ffe-44e3-906e-549d0aa8ad04","PHYSICAL","new-products","mitsubishi-lancer-evolution","IXO Mitsubishi Lancer RS Evolution VI 1998","<pre><code>Trademark: IXO<br>Brand: Mitsubishi<br>Model: Lancer RS Evolution VI<br>Scale: 1:18<br>Car Model Code: 18cmc013<br>Manufacturer Code: 18cmc013<br>Colour: White<br>Material: Die-cast metal with plastic details<br>Year: 1998<br>EAN: Available on request</code></pre>","18cmc013","","","","","","","","","","","","","120.00","12.00","No","Unlimited","","","0.0","0.0","0.0","0.0","Yes","https://images.squarespace-cdn.com/content/v1/68d6a6c7ad50e42eaaa2008c/1760108010934-GHG45UYGE26VIOYIW5E3/18RMC093A.20-1-800x509__01814.jpg"
"68e91deb86b63e5941e1ca7d","eb4f7c92-5c7f-4ec3-9e75-877ed3115297","PHYSICAL","new-products","nissan-patrol-gr","Ottomobile NISSAN PATROL GR Y60 1992","<pre><code>Trademark: Ottomobile<br>Brand: Nissan<br>Model: Patrol GR Y60<br>Scale: 1:18<br>Car Model Code: OT993<br>Manufacturer Code: OT993<br>Colour: White<br>Material: Resin with metal details<br>Year: 1992<br>EAN: Available on request</code></pre>","OT993","","","","","","","","","","","","","110.00","11.00","No","Unlimited","","","0.0","0.0","0.0","0.0","Yes","https://images.squarespace-cdn.com/content/v1/68d6a6c7ad50e42eaaa2008c/1760108012594-S0DKS6TA8UGI9Z1C032W/otto-mobile-118-nissan-patrol-gr-y60-1992.jpg"
"68e91ded86b63e5941e1ca80","89543e43-a03e-4eba-95a8-e373160e2ca1","PHYSICAL","pre-order","nissan-s15-silva-lb-super-silhouette-white-2021-30348","NISSAN S15 SILVA LB SUPER SILHOUETTE WHITE 2021 GT Spirit 1:18 Resinemodell (Türen, Motorhaube... nicht zu öffnen!)","<pre><code>Trademark: GT Spirit
Brand: NISSAN
Model: S15 SILVA LB
Scale: 1:18
Car Model Code: 30348
Manufacturer Code: 30348
Colour: WHITE
Material: Resin model (doors and hood do not open)
Year: 2021
EAN: Available on request
Expected Release: March 2026</code></pre>","30348","","","","","","","","","","","","","104.99","10.00","No","Unlimited","","Preorder, Release: March 2026","0.0","0.0","0.0","0.0","Yes","https://images.squarespace-cdn.com/content/v1/68d6a6c7ad50e42eaaa2008c/1760108013751-D5B253XSR3KS3S49VYK0/GT560n.jpg"
"68e91dee86b63e5941e1ca82","b0ec0522-4829-410b-885c-f85f4c09af9e","PHYSICAL","pre-order","nissan-skyline-gt-r-bnr32-dark-blue-pearl-th1-1993-30726","Nissan Skyline GT-R (BNR32) Dark Blue Pearl TH1 1993 OttO mobile 1:18 Resinemodell (Türen, Motorhaube... nicht zu öffnen!)","<pre><code>Trademark: OttO mobile
Brand: Nissan
Model: Skyline GT-R (BNR32)
Scale: 1:18
Car Model Code: 30726
Manufacturer Code: 30726
Colour: Dark Blue Pearl
Material: Resin model (doors and hood do not open)
Year: 1993
EAN: Available on request
Expected Release: January 2026</code></pre>","30726","","","","","","","","","","","","","84.99","10.00","No","Unlimited","","Preorder, Release: January 2026","0.0","0.0","0.0","0.0","Yes","https://images.squarespace-cdn.com/content/v1/68d6a6c7ad50e42eaaa2008c/1760108015156-P20G3UBL06Q4JA0HTI3R/nissan-skyline-gt-r-bnr32-dark.jpg"
"68e91df086b63e5941e1ca85","aaeae119-22a9-4313-a412-4345ccfed895","PHYSICAL","pre-order","old-new-porsche-tokyo-auto-salon-green-2024-30599","OLD & NEW Porsche TOKYO AUTO SALON GREEN 2024 GT Spirit 1:18 Resinemodell (Türen, Motorhaube... nicht zu öffnen!)","<pre><code>Trademark: GT Spirit
Brand: OLD
Model: & NEW Porsche
Scale: 1:18
Car Model Code: 30599
Manufacturer Code: 30599
Colour: GREEN
Material: Resin model (doors and hood do not open)
Year: 2024
EAN: Available on request
Expected Release: March 2026</code></pre>","30599","","","","","","","","","","","","","104.99","10.00","No","Unlimited","","Preorder, Release: March 2026","0.0","0.0","0.0","0.0","Yes","https://images.squarespace-cdn.com/content/v1/68d6a6c7ad50e42eaaa2008c/1760108016567-MQNTGBS8WNXE99WR9VOW/gt548n.jpg"
"68e91df183a31912dc2898c2","9705f26f-73c5-43b3-a3d7-24167d88ef75","PHYSICAL","pre-order","peugeot-204-1967-white-118-30576","Peugeot 204 1967 White  Norev 1:18 Metallmodell  (Türen/Hauben nicht zu öffnen!)","<pre><code>Trademark: Norev
Brand: Peugeot
Model: 204
Scale: 1:18
Car Model Code: 30576
Manufacturer Code: 30576
Colour: White
Material: Die-cast metal with plastic details
Year: 1967
EAN: Available on request
Expected Release: February 2026</code></pre>","30576","","","","","","","","","","","","","67.99","10.00","No","Unlimited","","Preorder, Release: February 2026","0.0","0.0","0.0","0.0","Yes","https://images.squarespace-cdn.com/content/v1/68d6a6c7ad50e42eaaa2008c/1760108017987-T2G87FE5BL8E2ZLYSWYH/184950n.jpg"
"68e91df2f8ea5503718e8cca","183cdd02-f508-4468-b4e0-14ba22e678c5","PHYSICAL","pre-order","peugeot-208-gti-2013-rubis-red-reprod-2026-118-30258","Peugeot 208 GTi 2013 Rubis Red  (Reprod 2026) Norev Metallmodell 1:18 (Türen, Motorhaube, Kofferraum zu öffnen!)","<pre><code>Trademark: Norev
Brand: Peugeot
Model: 208 GTi
Scale: 1:18
Car Model Code: 30258
Manufacturer Code: 30258
Colour: Red
Material: Die-cast metal with plastic details
Year: 2013
EAN: Available on request
Expected Release: February 2026</code></pre>","30258","","","","","","","","","","","","","67.99","10.00","No","Unlimited","","Preorder, Release: February 2026","0.0","0.0","0.0","0.0","Yes","https://images.squarespace-cdn.com/content/v1/68d6a6c7ad50e42eaaa2008c/1760108019222-FP8LIYRC9WD00BKUNQ80/184700n.jpg"
"68e91df3c8d073245478c6d4","849cf2fe-bead-468d-bbb0-a2ec909324a1","PHYSICAL","pre-order","peugeot-306-cabriolet-1994-diablo-red-118-30259","Peugeot 306 Cabriolet 1994 Diablo Red  Norev 1:18 Metallmodell (Türen/Hauben nicht zu öffnen!)","<pre><code>Trademark: Norev
Brand: Peugeot
Model: 306 Cabriolet
Scale: 1:18
Car Model Code: 30259
Manufacturer Code: 30259
Colour: Red
Material: Die-cast metal with plastic details
Year: 1994
EAN: Available on request
Expected Release: February 2026</code></pre>","30259","","","","","","","","","","","","","67.99","10.00","No","Unlimited","","Preorder, Release: February 2026","0.0","0.0","0.0","0.0","Yes","https://images.squarespace-cdn.com/content/v1/68d6a6c7ad50e42eaaa2008c/1760108020420-RKQVDLFFH2AP5BXOGYZQ/184930n.jpg"
"68e91df586b63e5941e1ca8c","233de696-03ca-4498-b9bd-8f69954d7c90","PHYSICAL","pre-order","peugeot-306-s16-1997-blaze-yellow-118-30260","Peugeot 306 S16 1997 Blaze Yellow  Norev Metallmodell 1:18 (Türen zu öffnen!)","<pre><code>Trademark: Norev
Brand: Peugeot
Model: 306 S16
Scale: 1:18
Car Model Code: 30260
Manufacturer Code: 30260
Colour: Yellow
Material: Die-cast metal with plastic details
Year: 1997
EAN: Available on request
Expected Release: February 2026</code></pre>","30260","","","","","","","","","","","","","67.99","10.00","No","Unlimited","","Preorder, Release: February 2026","0.0","0.0","0.0","0.0","Yes","https://images.squarespace-cdn.com/content/v1/68d6a6c7ad50e42eaaa2008c/1760108021800-SAF00WIL0AFAZWLTMIIK/184940n.jpg"
"68e91df686b63e5941e1ca94","e3f9d960-e39b-49ce-ba8f-dc19ccc2f682","PHYSICAL","new-products","peugeot-504-break","MCG Peugeot 504 Break","<pre><code>Trademark: MCG<br>Brand: Peugeot<br>Model: 504 Break Station Wagon<br>Scale: 1:18<br>Car Model Code: mcg18213<br>Manufacturer Code: MCG18213<br>Colour: Light Blue<br>Material: Die-cast metal with plastic details<br>Year: 1977<br>EAN: Available on request</code></pre>","mcg18213","","","","","","","","","","","","","130.00","13.00","No","Unlimited","","","0.0","0.0","0.0","0.0","Yes","https://images.squarespace-cdn.com/content/v1/68d6a6c7ad50e42eaaa2008c/1760108023357-Y6LB8791GSBWZJ55OPQ2/Untitled%252Bdesign%252B%25252814%252529.png"
"68e91df986b63e5941e1ca95","c13705a8-232a-4b72-aa06-e824965808f1","PHYSICAL","pre-order","peugeot-rcz-2010-mercury-grey-118-29936","Peugeot RCZ 2010 Mercury Grey  Norev 1:18 Metallmodell 2 Türen zu öffnen!","<pre><code>Trademark: Norev
Brand: Peugeot
Model: RCZ
Scale: 1:18
Car Model Code: 29936
Manufacturer Code: 29936
Colour: Grey
Material: Die-cast metal with plastic details
Year: 2010
EAN: Available on request
Expected Release: February 2026</code></pre>","29936","","","","","","","","","","","","","67.99","10.00","No","Unlimited","","Preorder, Release: February 2026","0.0","0.0","0.0","0.0","Yes","https://images.squarespace-cdn.com/content/v1/68d6a6c7ad50e42eaaa2008c/1760108025962-3C1ARQIRX4AB0KTEV4DA/184875nh.jpg"
"68e91dfac8d073245478c6e1","92775b05-d4b6-499d-ac3c-b53870c67fd0","PHYSICAL","pre-order","porsche-911-9912-gt3-green-2018-30590","PORSCHE 911 [991.2] GT3 GREEN 2018 GT Spirit 1:18 Resinemodell (Türen, Motorhaube... nicht zu öffnen!)","<pre><code>Trademark: GT Spirit
Brand: PORSCHE
Model: 911 [991.2] GT3
Scale: 1:18
Car Model Code: 30590
Manufacturer Code: 30590
Colour: GREEN
Material: Resin model (doors and hood do not open)
Year: 2018
EAN: Available on request
Expected Release: March 2026</code></pre>","30590","","","","","","","","","","","","","104.99","10.00","No","Unlimited","","Preorder, Release: March 2026","0.0","0.0","0.0","0.0","Yes","https://images.squarespace-cdn.com/content/v1/68d6a6c7ad50e42eaaa2008c/1760108027175-TOLNUK1X7G6LDEWR57M4/gt550nh.jpg"
"68e91dfc86b63e5941e1ca98","7c1d73c2-cedc-453d-a5a7-0e70e0f871b1","PHYSICAL","pre-order","porsche-968-turbo-s-yellow-1993-30596","PORSCHE 968 TURBO S YELLOW 1993 GT Spirit 1:18 Resinemodell (Türen, Motorhaube... nicht zu öffnen!)","<pre><code>Trademark: GT Spirit
Brand: PORSCHE
Model: 968 TURBO S
Scale: 1:18
Car Model Code: 30596
Manufacturer Code: 30596
Colour: YELLOW
Material: Resin model (doors and hood do not open)
Year: 1993
EAN: Available on request
Expected Release: March 2026</code></pre>","30596","","","","","","","","","","","","","104.99","10.00","No","Unlimited","","Preorder, Release: March 2026","0.0","0.0","0.0","0.0","Yes","https://images.squarespace-cdn.com/content/v1/68d6a6c7ad50e42eaaa2008c/1760108028457-AIM3O1L6HYH6WO6WYHUY/545347131_1110902897820168_503620693.jpg"
"68e91dfd86b63e5941e1ca9a","b3fb6cab-66af-4977-92b6-f627a11e8b27","PHYSICAL","pre-order","range-rover-p530-autobiography-gold-2024-29989","RANGE ROVER P530 AUTOBIOGRAPHY GOLD 2024 GT Spirit 1:12 Resinemodell (Türen, Motorhaube... nicht zu öffnen!)","<pre><code>Trademark: GT Spirit
Brand: RANGE ROVER
Model: P530 AUTOBIOGRAPHY GOLD
Scale: 1:18
Car Model Code: 29989
Manufacturer Code: 29989
Colour: GOLD
Material: Resin model (doors and hood do not open)
Year: 2024
EAN: Available on request
Expected Release: March 2026</code></pre>","29989","","","","","","","","","","","","","104.99","10.00","No","Unlimited","","Preorder, Release: March 2026","0.0","0.0","0.0","0.0","Yes","https://images.squarespace-cdn.com/content/v1/68d6a6c7ad50e42eaaa2008c/1760108029586-C6J4G5CHQWUPTDKLUEHT/GT542n.jpg"
"68e91dfef8ea5503718e8cd3","46de381f-c998-4367-bac6-17a216c2f582","PHYSICAL","pre-order","range-rover-sport-sv-edition-two-grey-2024-30592","RANGE ROVER SPORT SV EDITION TWO GREY 2024 GT Spirit 1:18 Resinemodell (Türen, Motorhaube... nicht zu öffnen!)","<pre><code>Trademark: GT Spirit
Brand: RANGE ROVER
Model: SPORT SV EDITION
Scale: 1:18
Car Model Code: 30592
Manufacturer Code: 30592
Colour: GREY
Material: Resin model (doors and hood do not open)
Year: 2024
EAN: Available on request
Expected Release: March 2026</code></pre>","30592","","","","","","","","","","","","","104.99","10.00","No","Unlimited","","Preorder, Release: March 2026","0.0","0.0","0.0","0.0","Yes","https://images.squarespace-cdn.com/content/v1/68d6a6c7ad50e42eaaa2008c/1760108030782-391YOPAE2A0APW67ZTCK/gt539nh.jpg"
"68e91e00c8d073245478c6e6","c48cf5eb-f478-4e98-8877-35336801fb10","PHYSICAL","pre-order","renault-laguna-v6-30-baccara-gris-opale-1996-30728","Renault Laguna V6 3.0 Baccara Gris Opale 1996 OttO mobile 1:18 Resinemodell (Türen, Motorhaube... nicht zu öffnen!)","<pre><code>Trademark: OttO mobile
Brand: Renault
Model: Laguna V6 3.0
Scale: 1:18
Car Model Code: 30728
Manufacturer Code: 30728
Colour: Gris Opale
Material: Resin model (doors and hood do not open)
Year: 1996
EAN: Available on request
Expected Release: January 2026</code></pre>","30728","","","","","","","","","","","","","84.99","10.00","No","Unlimited","","Preorder, Release: January 2026","0.0","0.0","0.0","0.0","Yes","https://images.squarespace-cdn.com/content/v1/68d6a6c7ad50e42eaaa2008c/1760108033227-P0ZDHS6D711HD25QNK36/renault-laguna-v6-30-baccar.jpg"
"68e91e01c8d073245478c6e7","7b3322de-a3da-42e2-9a97-4a4047778a74","PHYSICAL","pre-order","rtr-ford-mustang-spec-3-yellow-2025-30595","RTR Ford MUSTANG SPEC-3 YELLOW 2025 GT Spirit 1:18 Resinemodell (Türen, Motorhaube... nicht zu öffnen!)","<pre><code>Trademark: GT Spirit
Brand: RTR
Model: Ford MUSTANG SPEC-3
Scale: 1:18
Car Model Code: 30595
Manufacturer Code: 30595
Colour: YELLOW
Material: Resin model (doors and hood do not open)
Year: 2025
EAN: Available on request
Expected Release: March 2026</code></pre>","30595","","","","","","","","","","","","","104.99","10.00","No","Unlimited","","Preorder, Release: March 2026","0.0","0.0","0.0","0.0","Yes","https://images.squarespace-cdn.com/content/v1/68d6a6c7ad50e42eaaa2008c/1760108034361-7AQDJMNDI7VJN1TUFLN0/gt565n.jpg"
"68e91e03c8d073245478c6e8","3c07ea27-9b3b-4db0-b31a-be6867fd2569","PHYSICAL","pre-order","rwb-porsche-army-girl-purple-2015-30601","RWB PORSCHE ARMY GIRL PURPLE 2015 GT Spirit 1:18 Resinemodell (Türen, Motorhaube... nicht zu öffnen!)","<pre><code>Trademark: GT Spirit
Brand: RWB
Model: PORSCHE ARMY GIRL
Scale: 1:18
Car Model Code: 30601
Manufacturer Code: 30601
Colour: PURPLE
Material: Resin model (doors and hood do not open)
Year: 2015
EAN: Available on request
Expected Release: March 2026</code></pre>","30601","","","","","","","","","","","","","104.99","10.00","No","Unlimited","","Preorder, Release: March 2026","0.0","0.0","0.0","0.0","Yes","https://images.squarespace-cdn.com/content/v1/68d6a6c7ad50e42eaaa2008c/1760108035710-PKRTJ36DLSWFY9HSNFW2/gt562nh.jpg"
"68e91e04c8d073245478c6ec","13d9283a-521d-44a6-8c7b-7f860d740b8c","PHYSICAL","new-products","scania-r500-gold","Premium Classixxs Scania R500 GOLD MET","<pre><code>Trademark: Premium ClassiXXs<br>Brand: Scania<br>Model: R500 V8 Truck<br>Scale: 1:18<br>Car Model Code: PCL30224<br>Manufacturer Code: PCL30224<br>Colour: Gold Metallic<br>Material: Die-cast metal with plastic details<br>Year: 2013<br>EAN: Available on request</code></pre>","PCL30224","","","","","","","","","","","","","167.00","17.00","No","Unlimited","","","0.0","0.0","0.0","0.0","Yes","https://images.squarespace-cdn.com/content/v1/68d6a6c7ad50e42eaaa2008c/1760108037181-CI385RI6PTZYCH4D78U4/Untitled%2Bdesign%2B%252820%2529.png"
"68e91e0586b63e5941e1caa1","514037ce-5921-4341-aea5-c95dca68bcb7","PHYSICAL","new-products","subaru-impreza-22b","SOLIDO SUBARU IMPREZA 22B SONIC BLUE 1998","<pre><code>Trademark: SOLIDO<br>Brand: Subaru<br>Model: Impreza 22B Limited Edition<br>Scale: 1:18<br>Car Model Code: S1807401<br>Manufacturer Code: S1807401<br>Colour: Sonic Blue<br>Material: Die-cast metal with plastic details<br>Year: 1998<br>EAN: Available on request</code></pre>","S1807401","","","","","","","","","","","","","223.00","2.00","No","Unlimited","","Rare","0.0","0.0","0.0","0.0","Yes","https://images.squarespace-cdn.com/content/v1/68d6a6c7ad50e42eaaa2008c/1760108038732-5R8P1QMOADR79YOMPWLY/subaru-impreza-22b-sonic-blue-1998-01.jpg"
"68e91e0883a31912dc2898dc","99393778-9aac-46a2-9c6a-70d1c50bc900","PHYSICAL","new-products","toyota-land-cruiser-60","KYOSHO Toyota Land Cruiser 60 1980","<pre><code>Trademark: KYOSHO<br>Brand: Toyota<br>Model: Land Cruiser 60 Series<br>Scale: 1:18<br>Car Model Code: 08956BE<br>Manufacturer Code: 08956BE<br>Colour: Beige<br>Material: Die-cast metal with plastic details<br>Year: 1980<br>EAN: Available on request</code></pre>","08956BE","","","","","","","","","","","","","111.00","6.00","No","Unlimited","","","0.0","0.0","0.0","0.0","Yes","https://images.squarespace-cdn.com/content/v1/68d6a6c7ad50e42eaaa2008c/1760108041546-31LPTMWJWUBII23SGLB8/Generated%252BImage%252BSeptember%252B27%25252C%252B2025%252B-%252B11_37AM.png"
"68e91e0af8ea5503718e8ce4","68985f3e-f31c-4c9f-b0e9-16d3c8cf8ccd","PHYSICAL","new-products","toyota-supra-3000-gt","Ottomobile Toyota Supra 3000 GT TRD Red","<pre><code>Trademark: Ottomobile<br>Brand: Toyota<br>Model: Supra 3000 GT TRD<br>Scale: 1:18<br>Car Model Code: OT879<br>Manufacturer Code: OT879<br>Colour: Renaissance Red<br>Material: Resin with metal details<br>Year: 1998<br>EAN: Available on request</code></pre>","OT879","","","","","","","","","","","","","123.00","4.00","No","Unlimited","","","0.0","0.0","0.0","0.0","Yes","https://images.squarespace-cdn.com/content/v1/68d6a6c7ad50e42eaaa2008c/1760108043074-EPRS1UMP1SIIM1354H0Z/toyota-supra-3000-gt-trd-renaissance-red-1998.jpg"
"68e91e0bf8ea5503718e8ce5","1781c3c4-f097-4e9e-93af-437c5df949a7","PHYSICAL","new-products","toyota-supra-fuji","GT Spirit Toyota Supra Fuji Edition White","<pre><code>Trademark: GT Spirit<br>Brand: Toyota<br>Model: Supra GR Fuji Speedway Edition<br>Scale: 1:18<br>Car Model Code: GT341<br>Manufacturer Code: GT341<br>Colour: White<br>Material: Resin with metal details<br>Year: 2021<br>EAN: Available on request</code></pre>","GT341","","","","","","","","","","","","","254.00","5.00","No","Unlimited","/comming-soon","Toyota","0.0","0.0","0.0","0.0","Yes","https://images.squarespace-cdn.com/content/v1/68d6a6c7ad50e42eaaa2008c/1760108044506-92Z462UX0YCT05QNWIUP/gt341-toyota-supra-gr-fuji-speedway-edition-01-2.jpg"
"68e91e0d86b63e5941e1caa8","76fbc306-bcfd-4c99-b9b6-b098906d6ef2","PHYSICAL","new-products","volvo-fh16-xl-red","Premium Classixxs Volvo FH16 XL Red","<pre><code>Trademark: Premium ClassiXXs<br>Brand: Volvo<br>Model: FH16 XL Truck<br>Scale: 1:18<br>Car Model Code: PCL30205<br>Manufacturer Code: PCL30205<br>Colour: Red<br>Material: Die-cast metal with plastic details<br>Year: 2014<br>EAN: Available on request</code></pre>","PCL30205","","","","","","","","","","","","","232.00","18.00","No","Unlimited","/special-price","Volvo","0.0","0.0","0.0","0.0","Yes","https://images.squarespace-cdn.com/content/v1/68d6a6c7ad50e42eaaa2008c/1760108046234-J37EDF2CASYKYU5HIMYY/Volvo%252BFH25%252BEvolution%252B500%252BHP%252BCab.png"
"68e91e0ff8ea5503718e8ceb","90984a67-e19e-421e-ac85-af18560291bc","PHYSICAL","new-products","volvo-fh16-xl-white","Premium Classixxs Volvo FH16 XL White Orange","<pre><code>Trademark: Premium ClassiXXs<br>Brand: Volvo<br>Model: FH16 XL Truck<br>Scale: 1:18<br>Car Model Code: PCL30219<br>Manufacturer Code: PCL30219<br>Colour: White with Orange<br>Material: Die-cast metal with plastic details<br>Year: 2014<br>EAN: Available on request</code></pre>","PCL30219","","","","","","","","","","","","","190.00","19.00","No","Unlimited","/new-arrivals","Volvo","0.0","0.0","0.0","0.0","Yes","https://images.squarespace-cdn.com/content/v1/68d6a6c7ad50e42eaaa2008c/1760108047932-EE4LP0DPJGC73IDEG6XT/DSC07389.jpg https://images.squarespace-cdn.com/content/v1/68d6a6c7ad50e42eaaa2008c/982761b7-da43-41b7-bc52-5143a2f4ef13/152034_1-1.jpg"
